jour,Auvergne-Rhône-Alpes,Bourgogne-Franche-Comté,Bretagne,Centre-Val de Loire,Corse,Grand Est,Guadeloupe,Guyane,Hauts-de-France,Île-de-France,La Réunion,Martinique,Mayotte,Normandie,Nouvelle-Aquitaine,Occitanie,Pays de la Loire,Provence-Alpes-Côte d'Azur,France entière
2020-03-18,0.21639882908103344,0.5975621598030606,0.18078257159592445,0.054342509971850576,NA,1.5839019343064509,0,0,0.5213351843785993,0.7860447084488718,0.023428558710210986,0.42942183717397486,0,0.1351157401430065,0.06882684475249028,0.16252924243238187,0.117096018735363,0.3299614978661827,0.4472810437011188
2020-03-19,0.48438109997789464,0.6900420178678199,0.2320043002147697,0.12032984350909771,NA,1.998347264102223,0,0,0.6562494014222623,1.1137686778021632,0.023428558710210986,0.4562607019973483,0,0.13811831214618442,0.08729258358852425,0.23609511005967046,0.15435384287843304,0.42338433159937905,0.6128292092701736
2020-03-20,0.5825154527006888,0.9603677568263475,0.283226028833615,0.22513325559766667,1.970513945864608,2.457840999310579,0,0,0.7195424908995364,1.4661335471068297,0.023428558710210986,0.5099384316440951,0,0.21318261222563248,0.1091157294856553,0.31308264594869345,0.19427294017457952,0.5585492825325141,0.7825595888953626
2020-03-21,0.6605196817880381,1.0066076858587272,0.32842167173259607,0.2484229027284598,2.030226489678687,2.7119140058375524,0,0,0.7062176299569525,1.714185273284008,0.023428558710210986,0.5099384316440951,0,0.27623662429236884,0.17962127776869413,0.35756433335124005,0.21290185224611455,0.6479966765323829,0.8834867153621584
2020-03-22,0.8064630781450142,1.2271365781669994,0.39169557179116965,0.28723898127978165,1.9108014020505288,3.0452722058906736,0.153746415786682,0,0.8078196946441554,2.0410878793055867,0.023428558710210986,0.5099384316440951,0,0.3543034963749948,0.2450907154600873,0.4482385422872005,0.26346604215456676,0.7712353082655355,1.04131637603872
2020-03-23,1.07318721631466,1.4618931409467733,0.3977216575110338,0.45414811905046554,1.9406576739575683,3.6236937313882516,0.153746415786682,0,1.0193518621076765,2.5807235882407054,0.023428558710210986,0.5099384316440951,0,0.4443806564703325,0.3290258919875145,0.5662860973170357,0.39120715350223545,0.9560932558652644,1.2987254715823728
2020-03-24,1.2342282053982196,1.696649703726547,0.40073470037096587,0.5317802761531092,2.0899390334927657,4.3282507920410636,0.153746415786682,0,1.1842470162721537,3.025081150697173,0.03514283806531648,0.3489052427038546,0,0.5104372405402468,0.44149902853426687,0.6535386379912618,0.49765807962529274,1.0833073273317444,1.5218433030890872
2020-03-25,1.5475032544748322,2.102138312164338,0.4760607718692677,0.6404652960968104,2.4183580244702005,4.901266508889132,0.153746415786682,0,1.3807887151752676,3.604963662886205,0.03514283806531648,0.5904550261142154,0,0.6755787007150326,0.5707592003865046,0.8023812073767063,0.6280604641260379,1.2085336789315608,1.807703665737623
2020-03-26,1.7890647381001719,2.41514706253737,0.6086346577062789,0.7685583553161726,2.8363458311687535,5.367967988963501,0.5381124552533869,0,1.5306934007793378,4.2152366183486,0.03514283806531648,0.7783270798778296,0,0.8197021568675728,0.6698027086888687,0.9426696061078147,0.7504790291675537,1.3814653073313072,2.078290190256169
2020-03-27,2.060821407178679,2.632119037227767,0.6478042148853959,0.9587571402176496,3.04533973451803,5.928370152296045,0.7431076763022961,0,1.6539483644982398,4.758157780610569,0.03514283806531648,1.1809100522284308,0,0.9398050369946896,0.8091351017243977,1.0572954928759155,0.9873323397913562,1.6358934502642675,2.3511228674408895
2020-03-28,2.3954847126179515,2.799294165267909,0.7231302863836978,1.13731110155373,3.2244773659602677,6.351825163174334,1.1274737157690011,0,1.885467823375637,5.357753012760702,0.17571419032658242,1.4224598356387919,0,1.1559902212235,0.8225647299687863,1.2078488963922271,1.1736214605067063,1.8565303554639436,2.632490924757075
2020-03-29,2.660950718060382,3.10518908040519,0.8074954864617958,1.389615612137322,2.925914646889872,6.7302317686400395,1.1274737157690011,0,2.060356623247052,5.8251087485051185,0.6208568058205911,1.5298152949322856,0,1.3661702614459545,0.9367165700460871,1.361823968170273,1.3279753033851394,2.132823416930205,2.8916969424336676
2020-03-30,2.93522365259332,3.208339691323575,0.8737824293803014,1.773894789795408,2.9557709187969117,7.11764805518826,0.8968540920889781,0,2.256898322150166,6.315462657537488,0.6559996438859076,1.5298152949322856,0,1.4382319895222246,1.1045869231009415,1.4610523477605695,1.362571854375133,2.425018237329777,3.1365275830467403
2020-03-31,3.1289760925844776,3.2510227027380796,0.9008998151196902,1.9524487511314887,2.9557709187969117,7.651021175273255,0.9481028973512055,0,2.4384495524928735,7.076045102703271,0.6677139232410131,1.7176873486958995,0,1.6063760217001883,1.128088772528621,1.495269030377913,1.3572493080689803,2.5760849471962217,3.3949848831679414
2020-04-01,3.315179736212343,3.425311666013972,1.0304606580967692,2.181463614584288,2.866202103075793,8.054654887770006,0.8968540920889781,0.18608113137327875,2.6899563027841467,7.892480254425506,0.6208568058205911,1.690848483872526,0,1.6904480377891702,1.1750924713839803,1.5842324051830063,1.4610389610389611,2.6973358590627106,3.6751549923955005
2020-04-02,3.4045071598446306,3.617385217379242,1.178099758233441,2.4842290272845977,2.567639384005398,8.391616960256133,0.9481028973512055,0.18608113137327875,3.0397339025269763,8.437865506682613,0.6325710851756967,1.5298152949322856,0.35085257174935097,1.891620362002091,1.183485989036723,1.6697741117263651,1.5195869704066425,2.965678041062317,3.9129476879878915
2020-04-03,3.570580679837052,3.656511311175871,1.2383606154320825,2.616203694359092,2.627351927819477,8.49072345216382,0.9224784947200919,0.2605135839225902,3.276250184257843,8.890436702456205,0.6208568058205911,1.4224598356387919,0.7017051434987019,1.9516718020656494,1.2338470949531792,1.7228099697832477,1.6180540770704706,3.1664377475953556,4.088297339460619
2020-04-04,3.615873458016803,3.823686439216013,1.2293214868522861,2.8335737342464946,2.8960583749828324,8.472704089998786,0.9224784947200919,0.2605135839225902,3.389511502269807,9.210768401824083,0.5388568503348526,1.368782105992045,0.5847542862489182,2.032741246151453,1.257348944380859,1.7057016284745758,1.7271662763466042,3.261848301195216,4.193267540726529
2020-04-05,3.753009925283272,3.9837477320204036,1.2745171297512672,2.91508749920427,2.8363458311687535,8.53937573000941,0.9224784947200919,0.2605135839225902,3.5294225421669387,9.424322868069337,0.5154282916246417,1.4492987004621651,0.6627215244154406,2.131826122256325,1.27917209027799,1.7518941500079896,1.77506919310198,3.42285361039498,4.304676712968808
2020-04-06,3.8121421634623918,4.182935118621424,1.4191431870280067,3.078115029119822,2.746777015447635,8.651095775432617,1.0249761052445465,0.2605135839225902,3.709308164891823,9.660875507602539,0.5271425709797471,1.4761375652855386,0.6237379053321794,2.1378312662626806,1.3144248644195093,1.7912433350179346,1.8229721098573557,3.631564196394674,4.427765879075197
2020-04-07,3.7228147398301044,4.310984152864937,1.389012758428686,3.1169311076711437,2.8064895592617143,8.683530627329677,0.8712296894578645,0.2605135839225902,3.8908593952345303,9.917140867096842,0.43342833613890325,1.368782105992045,0.6237379053321794,2.1408338382658587,1.3295331961944463,1.7638699889240599,1.8469235682350436,3.4546571282616,4.472988419420853
2020-04-08,3.6586499707421236,4.364337917133067,1.4583127442071238,3.248905774745638,2.687064471633556,8.483515707297807,0.8456052868267508,0.3349460364719018,3.94082762376922,10.249793016440409,0.4568568948491142,1.315104376345298,0.5847542862489182,2.041748962160987,1.337926713847189,1.7108341308671773,1.8628912071535022,3.569944880528097,4.524799674253956
2020-04-09,3.72658913801175,4.3074272352470615,1.4854301299465125,3.353709186834207,2.627351927819477,8.593433816504511,0.8456052868267508,0.3349460364719018,4.045760903692069,10.415708409446335,0.42171405678379775,1.261426646698551,0.6237379053321794,2.0927926862150117,1.3295331961944463,1.69714745782024,1.972003406429636,3.4745343269282376,4.583349387085583
2020-04-10,3.7114915452851664,4.559968386116212,1.4763910013667163,3.4701574224881724,2.328789208749082,8.827685524649947,0.8456052868267508,0.3349460364719018,4.090732309373291,10.563553809154588,0.49199973291443067,1.1809100522284308,0.7796723816652242,2.2249058543548403,1.300995236175121,1.6389790973707559,2.054502874175005,3.5858466394614075,4.6582211426247495
2020-04-11,3.7555261907377027,4.407020928547572,1.4673518727869201,3.578842442431874,2.269076664935003,8.723173224092752,0.9481028973512055,0.3349460364719018,4.070745017959414,10.698257395555439,0.35142838065316484,1.1003934577583108,0.7796723816652242,2.1798672743071714,1.3681433773970628,1.5705457321360687,2.070470513093464,3.510313284528185,4.665858061689745
2020-04-12,3.8058514998263147,4.602651397530717,1.5366518585653577,3.6603562073896496,2.209364121120924,8.806062290051907,0.9737272999823192,0.5582433941198363,4.137369322672334,10.81324826199519,0.3279998219429538,1.0198768632881903,0.8576396198317467,2.149841554275392,1.396681337416388,1.6321357608472873,2.15563125399191,3.637527355994665,4.74162827829538
2020-04-13,3.8435954816427738,4.656005161798847,1.5366518585653577,3.815620521594937,2.2392203930279635,8.879941674928544,1.0506005078756602,0.5582433941198363,4.205659235003077,10.838710525278277,0.3279998219429538,1.0467157281115638,0.8576396198317467,2.1408338382658587,1.4386489256801014,1.6663524434646309,2.1902278049819035,3.6951712321279135,4.784604665974862
2020-04-14,3.8297560216434055,4.840964877928366,1.548704030005086,3.866081423711656,2.209364121120924,8.997067529001262,1.0506005078756602,0.6698920729438036,4.250630640684298,10.84938824859054,0.3279998219429538,1.0467157281115638,0.5847542862489182,2.116813262240435,1.4537572574550384,1.6458224338942247,2.182243985522674,3.7647414274611455,4.811408754457883
2020-04-15,3.7794307125547935,4.769826525570859,1.5185736014057651,3.866081423711656,2.4780705682842794,8.788042927886874,0.8968540920889781,0.7071082992184592,4.22398091879913,10.692507852233453,0.2811427045225318,1.0198768632881903,0.7017051434987019,2.0597643941800547,1.3899665232941938,1.5619915614817328,2.113050883542687,3.7945572254611015,4.73533905083009
2020-04-16,3.7366541998294727,4.872977136489244,1.4583127442071238,3.7418699723474256,2.507926840191319,8.593433816504511,0.8712296894578645,0.29772981019724604,4.22398091879913,10.541376999198349,0.22257130774700437,1.0735545929349373,0.8576396198317467,2.0237335301419197,1.3631072668054172,1.4884256938544442,2.126357249308069,3.7428765089278437,4.667804727333763
2020-04-17,3.7303635361933964,4.908546312667998,1.4552997013471918,3.776804443043615,2.507926840191319,8.514148622978363,0.9224784947200919,0.29772981019724604,4.1923343740604935,10.485524292641898,0.19914274903679338,1.0198768632881903,0.8576396198317467,1.9816975220974287,1.3933239303552907,1.4815823573309754,2.134341068767298,3.754802828127826,4.651183197604068
2020-04-18,3.701426483467444,4.805395701749612,1.4101040584482105,3.7379883644922933,2.269076664935003,8.34656855484355,0.8456052868267508,0.29772981019724604,4.19066876644267,10.258828013089246,0.1639999109714769,0.9661991336414435,0.9356068579982691,1.972689806087895,1.3631072668054172,1.4713173525457723,2.0944219714711516,3.669330873861285,4.569423240555299
2020-04-19,3.753009925283272,4.7200296789206035,1.389012758428686,3.7651596194782186,2.2392203930279635,8.30332208564747,0.8712296894578645,0.18608113137327875,4.228977741652599,10.245686199781847,0.19914274903679338,0.993037998464817,0.9745904770815303,1.9997129541164962,1.3849304127025481,1.5004015327705145,2.0944219714711516,3.5301904831948225,4.565080678734027
2020-04-20,3.693877687104152,4.744928102245731,1.3709345012690937,3.726343540926897,2.0899390334927657,8.274491106183415,0.8199808841956371,0.14886490509862302,4.293936438747696,10.245686199781847,0.17571419032658242,0.93936026881807,0.8576396198317467,1.9907052381069623,1.4067535585996793,1.5277748788643895,2.0624866936342348,3.55006768186146,4.5614868344681465
2020-04-21,3.613357192562372,4.691574337977601,1.3136866869303843,3.7651596194782186,2.000370217771647,8.189800104007759,0.614985663146728,0.11164867882396726,4.1923343740604935,10.07730671678078,0.1639999109714769,0.9661991336414435,0.8186560007484855,1.9516718020656494,1.381573005641451,1.5004015327705145,2.0225675963380882,3.540129082528141,4.489909436172704
2020-04-22,3.542901759838315,4.744928102245731,1.2956084297707917,3.776804443043615,2.0600827615857265,8.085287803450564,0.6406100657778415,0.07443245254931151,4.0973947398445825,9.966422666999593,0.1405713522612659,0.9125214039946966,0.8966232389150078,1.8766075019862014,1.3429628244388347,1.4661848501531711,1.9879710453480945,3.575908040128089,4.43645100271774
2020-04-23,3.4724463271142576,4.563525303734088,1.2956084297707917,3.745751580202558,1.970513945864608,7.957350332078825,0.614985663146728,0.11164867882396726,4.0557545493990075,9.815291813964492,0.11714279355105493,0.8856825391713232,0.8186560007484855,1.8435792099512442,1.2909230149918296,1.3755106412172107,1.9879710453480945,3.5441045222614687,4.359482838023477
2020-04-24,3.4133140889351377,4.38567942284032,1.2925953869108597,3.74963318805769,2.0899390334927657,7.822205115841074,0.5893612605156142,0.11164867882396726,3.999123890393025,9.657590054275689,0.09371423484084394,0.8588436743479497,1.091541334331314,1.8375740659448885,1.2204174667087908,1.2694389251034457,1.9214392165211838,3.47055888719491,4.27577621533069
2020-04-25,3.374311974391463,4.3252118233364385,1.2413736582920145,3.7806860508987477,1.9108014020505288,7.663634728788778,0.5637368578845006,0.037216226274655755,3.972474168507857,9.535206917850525,0.08199995548573845,0.8588436743479497,1.091541334331314,1.8465817819544221,1.18684339609782,1.2386439107478364,1.9081328507558015,3.3214798971951285,4.210637788011615
2020-04-26,3.389409567118047,4.332325658572189,1.2293214868522861,3.776804443043615,1.9108014020505288,7.651021175273255,0.5893612605156142,0.037216226274655755,3.9891302446860872,9.503173747913737,0.07028567613063295,0.8588436743479497,1.3254430488308813,1.8255637779321767,1.1918795066894656,1.245487247271305,1.8921652118373429,3.365209734261731,4.2098890704562235
2020-04-27,3.3504074525743723,4.303870317629187,1.223295401132422,3.7962124823192758,1.9108014020505288,7.614982450943187,0.5637368578845006,0.037216226274655755,3.9624805228009192,9.435821954713312,0.07028567613063295,0.8856825391713232,1.4034102869974039,1.8045457739099313,1.2103452455254997,1.2489089155330395,1.8761975729188844,3.349307975328421,4.18593010868369
2020-04-28,3.283726418031961,4.264744223832557,1.1841258439533051,3.7185803252166325,1.8510888582364498,7.514074022818999,0.5637368578845006,0.037216226274655755,3.9674773456543884,9.321652451605273,0.07028567613063295,0.8588436743479497,1.4423939060806648,1.8015432019067532,1.201951727872757,1.2027163939996257,1.8655524803065786,3.31154129786181,4.1339691103395095
2020-04-29,3.1918827289452434,4.218504294800177,1.1811128010933731,3.7302251487820293,1.6719512267942125,7.184319695198885,0.5381124552533869,0.037216226274655755,3.7959197610186193,9.10481253203317,0.04685711742042197,0.8588436743479497,1.3644266679141426,1.7474969058495509,1.112980440753684,1.1377046970266729,1.7298275494996807,3.180351786662002,4.003542512190283
2020-04-30,3.1314923580389085,4.2007197067108,1.178099758233441,3.757396403767954,1.7018074987012521,7.0311551167961,0.43561484472893225,0,3.72429863345223,8.953681678998068,0.04685711742042197,0.563616161290842,1.2864594297476202,1.7625097658654403,1.0324026712873542,1.0880905072315248,1.6739408132850755,3.0312727966622206,3.9220820421636695
2020-05-01,3.1075878362218177,4.054886084377911,1.1238649867546637,3.792330874464144,1.7615200425153312,6.890604091908838,0.40999044209781854,0.07443245254931151,3.679327227771009,8.857582169187705,0.04685711742042197,0.563616161290842,1.1305249534145752,1.7264789018273055,0.9988286006763832,1.0436088198289781,1.6553119012135407,2.9795920801289633,3.8647302774206684
2020-05-02,3.1126203671306785,4.051329166760036,1.1238649867546637,3.8195021294500693,1.7018074987012521,6.877990538393314,0.40999044209781854,0.07443245254931151,3.715970595363115,8.80090809929954,0.058571396775527466,0.563616161290842,1.2084921915810976,1.7234763298241274,0.9937924900847377,1.031632980912908,1.6606344475196935,2.9676657609289805,3.8560451537781253
2020-05-03,3.1226854289484014,4.065556837231537,1.1118128153149354,3.850554992291127,1.6719512267942125,6.84375375027975,0.40999044209781854,0.07443245254931151,3.7043113420383538,8.776267199348165,0.04685711742042197,0.563616161290842,1.481377525163926,1.7264789018273055,0.9937924900847377,1.0436088198289781,1.6739408132850755,2.9875429595956184,3.8542482316451854
2020-05-04,3.0685857216781427,4.058443001995787,1.099760643875207,3.807857305884673,1.7018074987012521,6.798705344867167,0.40999044209781854,0.18608113137327875,3.719301810598761,8.67934632620609,0.04685711742042197,0.563616161290842,1.637312001496971,1.732484045833661,0.9786841583098007,0.9785971228560254,1.657973174366617,2.927911363595706,3.8142667141872706
2020-05-05,3.0182604125895303,3.9588493086952763,1.0816823867156145,3.7806860508987477,1.6719512267942125,6.614907850783824,0.40999044209781854,0.18608113137327875,3.562734694523399,8.395975976765273,0.058571396775527466,0.5099384316440951,1.7152792396634935,1.735486617836839,0.951824901821024,0.9170070941448071,1.6313604428358526,2.7529920153292955,3.698814467145877
2020-05-06,2.892447139867999,3.9517354734595256,1.0605910866960901,3.567197618866477,1.6122386829801338,6.31218256641126,0.40999044209781854,0.18608113137327875,3.49111356695701,8.15613788390522,0.07028567613063295,0.5099384316440951,1.7542628587467546,1.687445465785992,0.8981063888434706,0.8537062313027215,1.602086438152012,2.701311298796038,3.580666836905073
2020-05-07,2.775440796236975,3.731206581151253,1.021421529516973,3.497328677474098,1.5525261391660548,6.1878489674725285,0.38436603946670495,0.29772981019724604,3.371189818473754,7.855518904498443,0.09371423484084394,0.5099384316440951,2.0271481923295833,1.660422317757391,0.874604539415791,0.7972487049841047,1.5728124334681712,2.6575814617294355,3.464915102841522
2020-05-08,2.677306443514181,3.596043711671989,0.9912911009176523,3.373117226109868,1.4928135953519757,6.0869405393483405,0.3587416368355913,0.2232973576479345,3.3245528051747097,7.744634854717254,0.10542851419594944,0.5099384316440951,2.1440990495793666,1.5793528736715872,0.8376730617437231,0.7527670175815581,1.5435384287843303,2.621802504129488,3.3927387305017667
2020-05-09,2.669757647150889,3.5640314531111112,0.9852650151977882,3.3769988339650006,1.522669867259015,6.009457282038696,0.3587416368355913,0.2232973576479345,3.302899906143011,7.719172591434166,0.11714279355105493,0.48309956682072175,2.183082668662628,1.5883605896811208,0.8376730617437231,0.7493453493198237,1.5116031509474133,2.6257779438628153,3.3762669442831497
2020-05-10,2.6622088507875974,3.5569176178753605,0.9852650151977882,3.3808804418201324,1.522669867259015,5.993239856090166,0.3587416368355913,0.2232973576479345,3.2829126147291343,7.698638508141354,0.1522856316163714,0.5099384316440951,2.300033525912412,1.591363161684299,0.8276008405604318,0.7527670175815581,1.5222482435597189,2.6257779438628153,3.369528486284625
2020-05-11,2.6282392671527837,3.4075270779245956,0.9882780580577203,3.3343011475585462,1.5525261391660548,5.973418557708629,0.3587416368355913,0.29772981019724604,3.284578222346958,7.574612645052765,0.1639999109714769,0.5099384316440951,1.832230096913277,1.591363161684299,0.8175286193771406,0.742502012796355,1.5116031509474133,2.5899989862628683,3.327151072649457
2020-05-12,2.548976905338219,3.186998185616323,0.9551345865984675,3.217852911904581,1.522669867259015,5.845481086336891,0.3587416368355913,0.40937848902121327,3.1913041957488697,7.345452275504974,0.1639999109714769,0.5099384316440951,1.7542628587467546,1.5613374416525196,0.7688462169912329,0.6963094912629412,1.4690227804981904,2.520428790929637,3.2239777935164864
2020-05-13,2.4156148362533965,3.126530586112442,0.8707693865203694,3.1479839705122017,1.4331010515378966,5.712137806315643,0.3587416368355913,0.3721622627465575,3.1180174605646576,7.201713692455285,0.1639999109714769,0.5099384316440951,1.832230096913277,1.5343142936239182,0.7772397346439756,0.694598657132074,1.447732595273579,2.4329691167964316,3.1459614242446756
2020-05-14,2.3627732617103536,3.069619904226436,0.8617302579405731,3.0664702055544257,1.4331010515378966,5.452658991139159,0.3587416368355913,0.2605135839225902,3.044730725380446,7.0119787628296955,0.1522856316163714,0.5099384316440951,2.0271481923295833,1.4892757135762495,0.7621314028690386,0.6432736332060587,1.3998296785182032,2.3614112015965367,3.0549173695090492
2020-05-15,2.3061572889856645,2.9557985404544245,0.7984563578819996,3.008246087727443,1.2539634200956595,5.283276986787843,0.3587416368355913,0.3349460364719018,2.9514566987823576,6.8321001931846554,0.1522856316163714,0.5367772964674686,2.0661318114128444,1.4502422775349364,0.738629553441359,0.6056352823269808,1.3545880349159038,2.262025208263349,2.9650712628620504
2020-05-16,2.2256367944438846,2.8846601880969174,0.7954433150220676,2.930613930624799,1.2539634200956595,5.106687237570514,0.3587416368355913,0.29772981019724604,2.9431286606932425,6.705610240100929,0.1405713522612659,0.5099384316440951,1.9491809541630607,1.393193409474556,0.7268786287275192,0.5970811116726449,1.3226527570789866,2.2262462506634013,2.900831296609446
2020-05-17,2.2419925198976838,2.8811032704790422,0.7894172293022034,2.91508749920427,1.2539634200956595,5.05623302350842,0.3587416368355913,0.3349460364719018,2.9414630530754198,6.659613893525029,0.1405713522612659,0.5099384316440951,2.1051154304961055,1.4112088414936235,0.7184851110747765,0.5953702775417777,1.330636576538216,2.228233970530065,2.890349250833963
2020-05-18,2.1891509453546405,2.8348633414466624,0.7502476721230864,2.8568633813772877,1.1942508762815804,5.0454214062094,0.3587416368355913,0.5210271678451804,2.9048196854833135,6.510947130485065,0.1405713522612659,0.5099384316440951,2.1440990495793666,1.3991985534809117,0.7100915934220339,0.559442760793567,1.301362571854375,2.1944427327967815,2.83853799600086
2020-05-19,2.1023397871767844,2.6961435543495234,0.7171042006638336,2.814165694970834,1.164394604374541,4.937305233219198,0.3587416368355913,0.48381094157052473,2.8032176207961106,6.317926747532624,0.1405713522612659,0.5099384316440951,2.0661318114128444,1.393193409474556,0.6916258545859998,0.5372019170922937,1.2720885671705344,2.1546883354635065,2.7566282954410126
2020-05-20,1.9878497090001908,2.5965498610490134,0.7140911578039015,2.7481783614335864,1.0748257886534225,4.767923228867883,0.3331172342044776,0.446594715295869,2.7815647217644113,6.18240179780006,0.11714279355105493,0.48309956682072175,2.1051154304961055,1.3571625454364207,0.6563730804444804,0.5098285709984188,1.2295081967213115,2.063253221596974,2.6777134651027317
2020-05-21,1.9400406653660092,2.4329316506267467,0.6990259435042411,2.697717459316868,1.0748257886534225,4.659807055877682,0.3331172342044776,0.446594715295869,2.7332621008475444,6.096158647970246,0.1288570729061604,0.48309956682072175,1.8712137159965383,1.309121393385574,0.6412647486695435,0.4995635662132158,1.2002341920374706,2.0394005831970086,2.6245545186699237
2020-05-22,1.9274593380938558,2.3511225454156133,0.7110781149439694,2.705480675027132,1.0449695167463828,4.553492819103984,0.3331172342044776,0.446594715295869,2.7265996703762525,6.023057311447833,0.1288570729061604,0.48309956682072175,1.9101973350797996,1.3061188213823962,0.6278351204251552,0.5081177368675517,1.2028954651905472,2.0036216255970616,2.594605816454257
2020-05-23,1.9048129490039805,2.3404517925619874,0.7020389863641732,2.674427812186075,1.0449695167463828,4.549888946670977,0.3331172342044776,0.6326758466691478,2.676631441841562,5.9261364383057575,0.1288570729061604,0.48309956682072175,1.6762956205802322,1.2881033893633287,0.6278351204251552,0.49785273208234865,1.17096018735363,2.007597065330389,2.5639083966831993
2020-05-24,1.9186524090033488,2.3333379573262367,0.6990259435042411,2.674427812186075,1.0151132448393434,4.51385022234091,0.3331172342044776,0.6326758466691478,2.684959479930677,5.917922804988632,0.1405713522612659,0.48309956682072175,1.8712137159965383,1.3061188213823962,0.6345499345473493,0.501274400344083,1.1816052799659358,2.01356022493038,2.5649566012607474
2020-05-25,1.8431644453704301,2.219516593554225,0.689986814924445,2.6783094200412068,1.0151132448393434,4.438168901247769,0.3331172342044776,0.6698920729438036,2.613338352364288,5.795539668563468,0.1874284696816879,0.4562607019973483,1.8712137159965383,1.3001136773760404,0.602654567466927,0.48416605903541116,1.1736214605067063,1.9559163487971312,2.5070058624734326
2020-05-26,1.766418349010296,1.8282556555879355,0.650817257745328,2.592914047228299,1.0449695167463828,4.30482562122652,0.3331172342044776,0.6698920729438036,2.5667013390652444,5.673156532138305,0.1874284696816879,0.4562607019973483,1.832230096913277,1.2580776693315494,0.584188828630893,0.4687685518576066,1.147008728975942,1.8923093130638913,2.427192571068682
2020-05-27,1.6783490581052243,1.6610805275477936,0.6447911720254638,2.5579795765321096,0.8956881572111853,4.119226190926675,0.3331172342044776,0.7071082992184592,2.5200643257662003,5.472743879200452,0.24599986645721533,0.4562607019973483,1.7932464778300157,1.1319696451980767,0.5825101251003445,0.4619252153341379,1.109750904832872,1.8565303554639436,2.3400418476210927
2020-05-28,1.5600845817469853,1.5934990928081616,0.6206868291460073,2.476465811574333,0.8658318853041458,4.005704209286963,0.3331172342044776,0.744324525493115,2.4750929200849794,5.353646196102138,0.24599986645721533,0.4562607019973483,1.7542628587467546,1.0659130611281624,0.5422212403671794,0.43284103510939587,1.0857994464551841,1.812800518397341,2.2693629103921205
2020-05-29,1.458175830842545,1.5010192347434022,0.6176737862860752,2.352254360210104,0.8061193414900669,3.8092931616880974,0.3331172342044776,0.7815407517677707,2.4001405772829445,5.235369876335537,0.22257130774700437,0.4562607019973483,2.1051154304961055,1.0178719090773156,0.5103258732867572,0.4277085327167943,1.0618479880774963,1.7472057627974373,2.1926942327200143
2020-05-30,1.4544014326608992,1.4974623171255268,0.5935694434066185,2.360017575920368,0.8061193414900669,3.6489208384192984,0.3331172342044776,0.8187569780424265,2.366828424926484,5.10230901659811,0.23428558710210987,0.4562607019973483,1.832230096913277,1.002859049061426,0.5002536521034658,0.4157326938007241,1.0325739833936556,1.7491934826641011,2.1456747702414183
2020-05-31,1.4606920962969758,1.47967772903615,0.5965824862665506,2.3561359680652356,0.8061193414900669,3.6453169659862916,0.3331172342044776,0.8187569780424265,2.355169171601723,5.066990393334472,0.23428558710210987,0.3489052427038546,1.832230096913277,1.002859049061426,0.5019323556340145,0.40546768901552105,1.0245901639344261,1.7611198018640837,2.136989646598875
2020-06-01,1.4632083617514062,1.476120811418275,0.5905564005466866,2.3483727523549716,0.8061193414900669,3.6272976038212583,0.3331172342044776,1.1164867882396725,2.363497209690838,5.042349493383097,0.23428558710210987,0.3489052427038546,1.7932464778300157,1.0058616210646039,0.5019323556340145,0.4071785231463882,1.0245901639344261,1.751181202530765,2.1318983672222114
2020-06-02,1.4191737162988705,1.3871978709713908,0.5694651005271619,2.336727928789575,0.8061193414900669,3.5335969205630833,0.3331172342044776,1.0420543356903609,2.3418443106591393,5.007852233451172,0.2694284251674263,0.3489052427038546,1.2864594297476202,0.9878461890455364,0.42974810382042705,0.41060019140812254,1.0006387055567383,1.7233531243974725,2.0931147978529236
2020-06-03,1.3462020181203826,1.2484780838742515,0.5363216290679091,2.2901486345279887,0.7762630695830274,3.4471039821709226,0.3331172342044776,1.0792705619650167,2.295207297360095,4.818938667157295,0.24599986645721533,0.3489052427038546,1.481377525163926,0.9548178970105793,0.3961740332094562,0.3798051770525133,0.9394294230359804,1.6875741667975248,2.0162963766697395
2020-06-04,1.25561646176088,1.1986812372239966,0.527282500488113,2.2629773795420633,0.7165505257689483,3.3570071713457543,0.307492831573364,1.0792705619650167,2.221920562175883,4.726945974005494,0.24599986645721533,0.3220663778804812,1.5593447633304485,0.9307973209851559,0.36092125906793676,0.3541426650895057,0.8862039599744518,1.6021022125309834,1.9547517936165448
2020-06-05,1.1889354272184687,1.1666689786631184,0.5061912004685885,2.204753261715081,0.7165505257689483,3.1605961237468887,0.307492831573364,1.3025679196129514,2.15363064984514,4.62099010421458,0.23428558710210987,0.2952275130571077,1.5593447633304485,0.9247921769788001,0.3542064449457426,0.31821514834129494,0.8542686821375346,1.590175893331001,1.8942554151408988
2020-06-06,1.162514639946947,1.1524413081916167,0.4971520718887922,2.189226830294552,0.7464067976759878,3.1245573994168216,0.307492831573364,1.3770003721622626,2.151965042227317,4.507641964438253,0.23428558710210987,0.2952275130571077,1.7152792396634935,0.9187870329724442,0.3458129272929999,0.299395972901756,0.8276559506067703,1.5802372939976823,1.8617610732369008
2020-06-07,1.1612565072197318,1.1524413081916167,0.5001651147487243,2.1775820067291556,0.7464067976759878,3.1173496545508077,0.307492831573364,1.3770003721622626,2.1552962574629633,4.5027137844479785,0.23428558710210987,0.2683886482337343,1.7152792396634935,0.9097793169629105,0.3458129272929999,0.299395972901756,0.8249946774536938,1.5762618542643547,1.8590656900374907
2020-06-08,1.1411263835842869,1.1417705553379909,0.49112598616892805,2.1620555753086266,0.7762630695830274,3.0596876956227,0.307492831573364,1.48864905098623,2.141971396520379,4.45425334787694,0.23428558710210987,0.2683886482337343,1.7152792396634935,0.9037741729565546,0.3273471884569659,0.2942634705091545,0.8276559506067703,1.5563846555977174,1.8372031374200546
2020-06-09,1.0882848090412438,1.0635183677447329,0.48208685758913183,2.107713065336776,0.7762630695830274,2.965987012364526,0.307492831573364,1.2281354670636397,2.090337560367866,4.343369298095751,0.22257130774700437,0.2683886482337343,1.5983283824137098,0.8707458809215974,0.31727496727367466,0.28742013398568583,0.7850755801575474,1.542470616531071,1.7841939344983246
2020-06-10,1.049282694497569,0.9639246744442228,0.48811294330899596,2.0106728689584714,0.7464067976759878,2.8218321150442573,0.307492831573364,1.3770003721622626,2.055359800393583,4.3006584048467005,0.22257130774700437,0.2683886482337343,1.5983283824137098,0.8557330209057078,0.3055240425598349,0.2634684561535453,0.7664466680860124,1.5066916589311234,1.7418165208631569
2020-06-11,1.020345641771617,0.9532539215905966,0.46702164328947143,1.9951464375379429,0.7464067976759878,2.7569624112501363,0.307492831573364,1.5630815035355414,2.022047648037123,4.230021158319425,0.22257130774700437,0.2683886482337343,1.6762956205802322,0.8497278768993519,0.2954518213765436,0.2566251196300766,0.7424952097083245,1.4689249814645122,1.7100708965145506
2020-06-12,0.9637296690469279,0.8323187225828345,0.45195642898981114,1.9718567904071496,0.6568379819548692,2.623619131228888,0.307492831573364,1.935243766282099,1.9920667109163088,4.135564375172486,0.24599986645721533,0.2683886482337343,1.7152792396634935,0.8227047288707506,0.2937731178459951,0.23609511005967046,0.7078986587183308,1.431158303997901,1.6590083592368394
2020-06-13,0.9524064745019902,0.8038633816398316,0.4218260003904904,1.9679751825520173,0.5374128943267112,2.5803726620328074,0.307492831573364,2.0468924451060664,1.967082596648964,4.017288055405885,0.2577141458123208,0.21471091858698743,1.7932464778300157,0.8136970128612169,0.2837008966627038,0.23780594419053766,0.7105599318714073,1.4371214635978922,1.626813504354998
2020-06-14,0.9498902090475596,0.7860787935504547,0.4157999146706262,1.964093574696885,0.5374128943267112,2.5803726620328074,0.307492831573364,2.232973576479345,1.965416989031141,4.004967605430197,0.2577141458123208,0.21471091858698743,1.7542628587467546,0.810694440858039,0.27866478607105816,0.23609511005967046,0.7105599318714073,1.4351337437312284,1.622620686044805
2020-06-15,0.8920161035956553,0.7931926287862054,0.4188129575305583,1.9718567904071496,0.4777003505126322,2.5443339377027403,0.23061962368002298,2.754000744324525,1.950426520470734,3.9581498955225842,0.2928569838776373,0.24154978341036087,1.5983283824137098,0.810694440858039,0.27362867547941255,0.22411927114360025,0.7052373855652544,1.4371214635978922,1.6033037731156998
2020-06-16,0.8794347763235021,0.7505096173717011,0.40977382895076203,1.9485671432763565,0.4777003505126322,2.48487004255813,0.20499522104890927,3.2378116858950503,1.9354360519103269,3.8686212923659204,0.2577141458123208,0.24154978341036087,1.5593447633304485,0.8166995848643949,0.25852034370447563,0.19332425678799106,0.6972535661060251,1.407305665597936,1.570809431211702
2020-06-17,0.8303675999621051,0.7007127707214461,0.40676078609082994,1.8127108683467301,0.4777003505126322,2.4416235733620493,0.153746415786682,3.2378116858950503,1.910451937642982,3.797984045838645,0.2694284251674263,0.24154978341036087,1.5983283824137098,0.7956815808421495,0.24844812252118442,0.18819175439538952,0.6307217372791143,1.3814653073313072,1.5306781702427088
2020-06-18,0.8077212108722295,0.6829281826320692,0.38868252893123756,1.8010660447813334,0.4777003505126322,2.407386785248485,0.153746415786682,3.312244138444362,1.897127076700398,3.758558605916444,0.2694284251674263,0.24154978341036087,1.5983283824137098,0.7746635768199039,0.23669719780734458,0.17792674961018645,0.6067702789014264,1.365563548397997,1.5094145916695858
2020-06-19,0.8026886799633682,0.6153467478924374,0.3706042717716451,1.7816580055056725,0.4777003505126322,2.3587345074028945,0.153746415786682,3.758838853740231,1.8754741776686992,3.7100981693454065,0.2577141458123208,0.24154978341036087,1.481377525163926,0.7746635768199039,0.2333397907462475,0.17621591547931925,0.5641899084522035,1.343698629864696,1.4862043474524445
2020-06-20,0.7750097599646313,0.6153467478924374,0.35252601461205263,1.7816580055056725,0.4777003505126322,2.3551306349698877,0.153746415786682,3.9077037588388537,1.862149316726115,3.655066826120668,0.2694284251674263,0.3220663778804812,1.4423939060806648,0.7536455727976585,0.23166108721569895,0.16937257895585056,0.5535448158398978,1.3059319523980846,1.4662884604790263
2020-06-21,0.757395901783617,0.6153467478924374,0.35252601461205263,1.7816580055056725,0.4777003505126322,2.3551306349698877,0.153746415786682,4.131001116486788,1.868811747197407,3.6476745561352555,0.2811427045225318,0.3220663778804812,1.4423939060806648,0.7506430007944805,0.23166108721569895,0.17108341308671773,0.5508835426868214,1.303944232531421,1.4641920513239297
2020-06-22,0.7485889726931099,0.6082329126566867,0.34649992889218845,1.7273154955338221,0.4777003505126322,2.3010725484747874,0.153746415786682,4.428730926684034,1.847158848165708,3.6057850262179176,0.2811427045225318,0.3220663778804812,1.5593447633304485,0.7356301407785909,0.22830368015460187,0.17108341308671773,0.5295933574622099,1.2900301934647747,1.4447253948837464
2020-06-23,0.7309751145120954,0.5940052421851852,0.33143471459252816,1.7001442405478968,0.4179878066985531,2.245212525763183,0.153746415786682,4.391514700409378,1.832168379605301,3.5252914197100913,0.2577141458123208,0.3220663778804812,1.3254430488308813,0.7266224247690571,0.22326756956295624,0.16595091069411622,0.5269320843091335,1.2641898351981458,1.4144772056459234
2020-06-24,0.7183937872399424,0.5762206540958084,0.3223955860127319,1.684617809127368,0.4179878066985531,2.2127776738661225,0.153746415786682,4.317082247860067,1.7871969739240798,3.4768309831390534,0.2577141458123208,0.37574410752722803,1.4423939060806648,0.7146121367563455,0.20312312719637374,0.15739674003978033,0.487012987012987,1.198595079598242,1.3857264515188839
2020-06-25,0.6957473981500668,0.5584360660064316,0.30431732885313945,1.6729729855619713,0.4179878066985531,2.1821447581855655,0.20499522104890927,4.354298474134723,1.7755377205993188,3.41030055327034,0.24599986645721533,0.37574410752722803,1.5203611442471874,0.7116095647531676,0.1863360918908883,0.15397507177804595,0.4710453480945284,1.1866687603982595,1.3620669767685072
2020-06-26,0.6831660708779137,0.5619929836243069,0.2922651574134112,1.6535649462863105,0.4179878066985531,2.1208789268244517,0.20499522104890927,4.763676963155937,1.7039165930329299,3.3166651334551145,0.24599986645721533,0.37574410752722803,1.4034102869974039,0.6995992767404559,0.17626387070759705,0.1454209011237101,0.4444326165637641,1.1290248842650108,1.3238823814435325
2020-06-27,0.6605196817880381,0.572663736477933,0.2892521145534791,1.6496833384311782,0.4179878066985531,2.1064634370924247,0.20499522104890927,4.689244510606625,1.7105790235042218,3.2821678735231887,0.23428558710210987,0.37574410752722803,1.3254430488308813,0.6815838447213884,0.135974985974432,0.13173422807677265,0.4364487971045348,1.095233646531727,1.3050146990476625
2020-06-28,0.6605196817880381,0.572663736477933,0.2892521145534791,1.6535649462863105,0.4179878066985531,2.110067309525431,0.20499522104890927,4.986974320803871,1.712244631122045,3.2838106001866136,0.21085702839189888,0.37574410752722803,1.3254430488308813,0.6755787007150326,0.135974985974432,0.1368667304693742,0.43378752395145836,1.095233646531727,1.3068116211806027
2020-06-29,0.6353570272437319,0.5762206540958084,0.283226028833615,1.6458017305760462,0.4179878066985531,2.1010576284429145,0.20499522104890927,5.17305545217715,1.698919770179461,3.2657406068889383,0.22257130774700437,0.37574410752722803,1.2864594297476202,0.6785812727182103,0.14101109656607763,0.13173422807677265,0.4284649776453055,1.0356020505318144,1.2942331662500226
2020-06-30,0.6328407617893012,0.522866889827678,0.2802129859736829,1.6380385148657817,0.4179878066985531,2.02898017978278,0.25624402631113663,5.247487904726461,1.6672732254408238,3.238635616942426,0.19914274903679338,0.37574410752722803,1.3644266679141426,0.6605658406991429,0.13765368950498055,0.12489089155330395,0.41781988503299977,0.9799458942652294,1.2714721525661163
2020-07-01,0.6127106381538563,0.4695131255595476,0.27117385739388666,1.6147488677349886,0.4179878066985531,1.926269815442089,0.25624402631113663,5.619650167473018,1.647285934026948,3.1811401837225497,0.19914274903679338,0.37574410752722803,1.3254430488308813,0.6485555526864312,0.12926017185223782,0.11804755502983523,0.3938684266553119,0.9640441353319193,1.2415234503504502
2020-07-02,0.6026455763361338,0.43038703176291865,0.2530956002342942,1.5953408284593278,0.4179878066985531,1.8992407721945386,0.25624402631113663,5.805731298846297,1.6322954654665407,3.0768270405950617,0.21085702839189888,0.3489052427038546,1.2474758106643589,0.6635684127023208,0.12590276479114074,0.1129150526372337,0.3858846071960826,0.9501300962652731,1.2133716702677235
2020-07-03,0.591322381791196,0.3912609379662897,0.24405647165449798,1.5953408284593278,0.44784407860559267,1.850588494348948,0.25624402631113663,5.694082620022329,1.6239674273774258,3.0193316073751855,0.23428558710210987,0.3489052427038546,1.0135740961647917,0.6575632686959649,0.11415184007730093,0.10093921372116346,0.37523951458377686,0.9382037770652907,1.1898619390284255
2020-07-04,0.5900642490639807,0.3877040203484143,0.24405647165449798,1.5681695734734022,0.3881315347915137,1.8163517062353842,0.25624402631113663,5.359136583550429,1.5973177054922578,2.9996188874140857,0.23428558710210987,0.4025829723506015,1.0135740961647917,0.651558124689609,0.11583054360784947,0.10093921372116346,0.36459442197147113,0.9362160571986269,1.1774332276089239
2020-07-05,0.5850317181551195,0.3877040203484143,0.24405647165449798,1.5681695734734022,0.3881315347915137,1.8163517062353842,0.25624402631113663,5.396352809825085,1.5973177054922578,2.9996188874140857,0.24599986645721533,0.4025829723506015,1.091541334331314,0.651558124689609,0.11583054360784947,0.10093921372116346,0.36459442197147113,0.9362160571986269,1.1774332276089239
2020-07-06,0.5825154527006888,0.3877040203484143,0.2320043002147697,1.5293534949220806,0.35827526288447414,1.8163517062353842,0.25624402631113663,5.545217714923706,1.5739991988427358,2.9840129841115477,0.2577141458123208,0.4025829723506015,0.8576396198317467,0.6425504086800753,0.11415184007730093,0.10093921372116346,0.35927187566531826,0.9362160571986269,1.168897847477459
2020-07-07,0.5774829217918276,0.37347634987691286,0.2320043002147697,1.5254718870669484,0.35827526288447414,1.8001342802868538,0.307492831573364,5.731298846296985,1.4141008675317277,2.873128934330359,0.24599986645721533,0.4025829723506015,0.6627215244154406,0.6455529806832533,0.10575832242455822,0.09922837959029628,0.36459442197147113,0.9262774578653081,1.130563508641406
2020-07-08,0.5623853290652439,0.3628055970232868,0.23501734307470176,1.4672477692399657,0.35827526288447414,1.7622936197402832,0.307492831573364,5.6568663937476735,1.2325496371890208,2.7729226078614326,0.23428558710210987,0.37574410752722803,0.5067870480823958,0.6335426926705416,0.10407961889400968,0.0975175454594291,0.3672556951245476,0.9223020181319806,1.0862394293622197
2020-07-09,0.5510621345203061,0.305894915137281,0.2320043002147697,1.4478397299643047,0.35827526288447414,1.7118394056781894,0.307492831573364,5.731298846296985,1.1925750543612685,2.7433535279197825,0.24599986645721533,0.37574410752722803,0.5067870480823958,0.6365452646737194,0.1091157294856553,0.0906742089359604,0.36459442197147113,0.9163388585319894,1.06827020803282
2020-07-10,0.554836532701952,0.305894915137281,0.2289912573548376,1.432313298543776,0.35827526288447414,1.639761957018055,0.307492831573364,5.805731298846297,1.1659253324761005,2.7047494513292945,0.23428558710210987,0.37574410752722803,0.5067870480823958,0.6365452646737194,0.10240091536346113,0.08040920415075734,0.35661060251224186,0.9223020181319806,1.05119944776989
2020-07-11,0.5498040017930907,0.32012258560878243,0.21392604305517726,1.432313298543776,0.35827526288447414,1.6325542121520416,0.25624402631113663,5.694082620022329,1.1642597248582776,2.6998212713390193,0.23428558710210987,0.37574410752722803,0.5067870480823958,0.6275375486641858,0.10407961889400968,0.08212003828162451,0.3539493293591654,0.9183265783986532,1.0474558599929318
2020-07-12,0.5523202672475214,0.32012258560878243,0.21693908591510933,1.432313298543776,0.35827526288447414,1.625346467286028,0.25624402631113663,5.731298846296985,1.1609285096226316,2.698999908007307,0.23428558710210987,0.37574410752722803,0.5067870480823958,0.6275375486641858,0.10575832242455822,0.08040920415075734,0.35927187566531826,0.9123634187986619,1.0468568859486185
2020-07-13,0.5611271963380285,0.3272364208445332,0.21693908591510933,1.4284316906886438,0.35827526288447414,1.6091290413374981,0.23061962368002298,5.768515072571641,1.1259507496483487,2.6809299147096315,0.23428558710210987,0.37574410752722803,0.545770667165657,0.618529832654652,0.10407961889400968,0.08383087241249168,0.3619331488183947,0.9004370995986793,1.039369710394702
2020-07-14,0.5560946654291673,0.3236795032266578,0.22296517163497348,1.4206684749783793,0.35827526288447414,1.5983174240384777,0.23061962368002298,5.582433941198362,1.1076290658522956,2.6727162813925065,0.23428558710210987,0.37574410752722803,0.5067870480823958,0.6125246886482961,0.10743702595510676,0.08383087241249168,0.369916968277624,0.9024248194653431,1.0342784310180386
2020-07-15,0.5573527981563826,0.31656566799090713,0.2289912573548376,1.4206684749783793,0.35827526288447414,1.5748922532239342,0.23061962368002298,5.694082620022329,1.0743169134958357,2.6661453747388064,0.2577141458123208,0.37574410752722803,0.3898361908326121,0.6035169726387624,0.10743702595510676,0.08040920415075734,0.3672556951245476,0.9223020181319806,1.0291871516413753
2020-07-16,0.5510621345203061,0.2987810799015303,0.21693908591510933,1.2537593372076956,0.35827526288447414,1.5586748272754039,0.23061962368002298,5.582433941198362,1.0493327992284904,2.6497181081045564,0.2577141458123208,0.3489052427038546,0.4288198099158734,0.579496396613339,0.10240091536346113,0.07698753588902298,0.369916968277624,0.9163388585319894,1.0113676738230537
2020-07-17,0.538480807248153,0.2845534094300289,0.22296517163497348,1.2032984350909772,0.35827526288447414,1.5244380391618402,0.23061962368002298,5.582433941198362,1.0243486849611456,2.6308267514751686,0.2577141458123208,0.3489052427038546,0.3898361908326121,0.5704886806038052,0.09904350830236405,0.07185503349642146,0.3619331488183947,0.8885107803986968,0.995195374626594
2020-07-18,0.5372226745209376,0.26676882134065205,0.21693908591510933,1.2032984350909772,0.3284189909774346,1.5262399753783435,0.20499522104890927,5.284704131001117,1.0193518621076765,2.6209703914946187,0.2811427045225318,0.3489052427038546,0.3898361908326121,0.5704886806038052,0.10240091536346113,0.0752767017581558,0.3539493293591654,0.8825476207987056,0.9904035822720874
2020-07-19,0.5309320108848611,0.26676882134065205,0.21693908591510933,1.2032984350909772,0.3284189909774346,1.5082206132133098,0.20499522104890927,5.619650167473018,1.0193518621076765,2.599614944870093,0.3045712632327428,0.3489052427038546,0.2728853335828285,0.5704886806038052,0.10240091536346113,0.0752767017581558,0.35661060251224186,0.8845353406653694,0.9857615334286591
2020-07-20,0.5321901436120764,0.2632119037227767,0.22296517163497348,1.199416827235845,0.3284189909774346,1.4974089959142898,0.20499522104890927,5.582433941198362,1.0026957859294465,2.5790808615772804,0.3045712632327428,0.3489052427038546,0.2728853335828285,0.5674861086006273,0.1124731365467524,0.07356586762728863,0.35661060251224186,0.8865230605320331,0.9803707670298392
2020-07-21,0.5284157454304305,0.20985813945464626,0.22597821449490557,1.1916536115255805,0.3284189909774346,1.472181888883243,0.20499522104890927,5.43356903609974,0.9693836335729865,2.5429408749819302,0.3397141012980593,0.3220663778804812,0.2728853335828285,0.5584783925910936,0.10575832242455822,0.07185503349642146,0.3353204172876304,0.9024248194653431,0.9643482113444576
2020-07-22,0.514576285431062,0.19563046898314485,0.2289912573548376,1.1722455722499197,0.2985627190703951,1.4253315472541557,0.20499522104890927,5.43356903609974,0.9527275573947565,2.515014521703705,0.31628554258784836,0.3220663778804812,0.4288198099158734,0.5584783925910936,0.10575832242455822,0.07698753588902298,0.2608047690014903,0.8964616598653519,0.9469779640593711
2020-07-23,0.4868973654323252,0.14939053995076515,0.2078999573353131,1.1023766308575405,0.2687064471633556,1.3046018207484307,0.20499522104890927,5.694082620022329,0.9394026964521724,2.3548486720197652,0.2694284251674263,0.2952275130571077,0.3898361908326121,0.46239608848940006,0.10072221183291259,0.07185503349642146,0.25548222269533744,0.8189405850654655,0.8857328680283334
2020-07-24,0.46299284361523435,0.128049034243513,0.20488691447538102,1.1062582387126725,0.2687064471633556,1.2541476066863364,0.20499522104890927,5.061406773353182,0.8544567079431994,2.2858541521559146,0.2577141458123208,0.2952275130571077,0.5067870480823958,0.4473832284735104,0.09904350830236405,0.07014419936555427,0.24483713008303173,0.7732230281321992,0.8502436559027686
2020-07-25,0.4579603127063731,0.12093519900776226,0.20488691447538102,1.0984950230024082,0.2985627190703951,1.2181088823562696,0.153746415786682,5.321920357275773,0.8494598850897305,2.271890975516802,0.2694284251674263,0.2952275130571077,0.545770667165657,0.4443806564703325,0.09568610124126696,0.07185503349642146,0.24483713008303173,0.7692475883988718,0.843654941415322
2020-07-26,0.4579603127063731,0.12093519900776226,0.20488691447538102,1.0984950230024082,0.2985627190703951,1.2199108185727727,0.153746415786682,5.6568663937476735,0.8527911003253764,2.265320068863102,0.2694284251674263,0.2952275130571077,0.4678034289991346,0.4443806564703325,0.09904350830236405,0.07356586762728863,0.24749840323610817,0.7692475883988718,0.844553402481792
2020-07-27,0.45544404725194243,0.1173782813898869,0.19584778589558482,1.0829685915818794,0.2687064471633556,1.205495328840746,0.153746415786682,5.6568663937476735,0.8577879231788456,2.249714165560564,0.2577141458123208,0.2952275130571077,0.4678034289991346,0.4473832284735104,0.09736480477181551,0.08040920415075734,0.25548222269533744,0.775210747998863,0.8406600711937554
2020-07-28,0.45292778179751186,0.0995936933005101,0.18379561445585652,0.9859283952035748,0.2687064471633556,1.2036933926242426,0.153746415786682,5.284704131001117,0.8394662393827924,2.2185023589554884,0.2577141458123208,0.24154978341036087,0.4288198099158734,0.4413780844671546,0.09232869418016988,0.07698753588902298,0.26346604215456676,0.7732230281321992,0.8250867460416089
2020-07-29,0.4441208527070047,0.0818091052111333,0.18379561445585652,0.9354674930868564,0.2388501752563161,1.194683711541726,0.12812201315556832,4.986974320803871,0.8494598850897305,2.164292379062463,0.23428558710210987,0.24154978341036087,0.5067870480823958,0.4323703684576208,0.09400739771071842,0.08212003828162451,0.26612731530764316,0.767259868532208,0.8099626514226973
2020-07-30,0.41140940179940655,0.07825218759325793,0.18982170017572064,0.8811249831150059,0.2388501752563161,1.1892779028922158,0.12812201315556832,4.689244510606625,0.8394662393827924,2.154436019081913,0.19914274903679338,0.24154978341036087,0.3118689526660897,0.423362652448087,0.09064999064962134,0.08554170654335887,0.27943368107302535,0.7652721486655442,0.7987318880918225
2020-07-31,0.4013443399816841,0.0818091052111333,0.17174344301612823,0.8112560417226266,0.20899390334927656,1.1766643493766922,0.12812201315556832,4.131001116486788,0.8278069860580315,2.1388301157793754,0.21085702839189888,0.24154978341036087,0.35085257174935097,0.423362652448087,0.09232869418016988,0.08896337480509323,0.2874175005322546,0.7553335493322255,0.7872016377387909
2020-08-01,0.4013443399816841,0.0818091052111333,0.16873040015619614,0.7180974531994542,0.20899390334927656,1.0991810920670477,0.10249761052445464,3.9077037588388537,0.8311382012936774,2.133080572457388,0.21085702839189888,0.24154978341036087,0.35085257174935097,0.423362652448087,0.09568610124126696,0.08896337480509323,0.28209495422610176,0.7553335493322255,0.7752221568525244
2020-08-02,0.4026024727088994,0.0818091052111333,0.16873040015619614,0.7180974531994542,0.20899390334927656,1.0991810920670477,0.10249761052445464,4.205433569036099,0.8344694165293235,2.1322592091256753,0.21085702839189888,0.24154978341036087,0.3898361908326121,0.423362652448087,0.09232869418016988,0.08896337480509323,0.28209495422610176,0.759308989065553,0.776869335474386
2020-08-03,0.3900211454367463,0.07469526997538257,0.17475648587606027,0.7219790610545862,0.20899390334927656,1.0865675385515243,0.10249761052445464,4.800893189430592,0.8278069860580315,2.099404675857175,0.21085702839189888,0.24154978341036087,0.4288198099158734,0.40834979243219743,0.09232869418016988,0.0906742089359604,0.3060464126037897,0.7732230281321992,0.7722272866309577
2020-08-04,0.3849886145278851,0.07469526997538257,0.19283474303565273,0.7180974531994542,0.20899390334927656,1.0757559212525043,0.10249761052445464,4.5775958317826575,0.8244757708223854,2.105154219179162,0.19914274903679338,0.21471091858698743,0.4678034289991346,0.38432921640677403,0.08897128711907279,0.09409587719769476,0.2687885884607196,0.759308989065553,0.7668365202321378
2020-08-05,0.388763012709531,0.07469526997538257,0.1868086573157886,0.6598733353724713,0.20899390334927656,1.0937752834175378,0.10249761052445464,4.763676963155937,0.8128165174976244,2.1067969458425875,0.19914274903679338,0.1610331889402406,0.35085257174935097,0.3723189283940624,0.09064999064962134,0.08383087241249168,0.2687885884607196,0.767259868532208,0.7647401110770411
2020-08-06,0.3786979508918085,0.08536602282900865,0.18078257159592445,0.6016492175454886,0.20899390334927656,1.0253017071904102,0.076873207893341,4.763676963155937,0.8061540870263325,2.088726952544912,0.21085702839189888,0.1610331889402406,0.3118689526660897,0.3783240724004182,0.08393517652742717,0.08383087241249168,0.2687885884607196,0.7692475883988718,0.7515626821021479
2020-08-07,0.3661166236196554,0.08536602282900865,0.18078257159592445,0.5511883154287702,0.20899390334927656,0.978451365561323,0.076873207893341,4.540379605508002,0.8061540870263325,2.0879055892131997,0.23428558710210987,0.13419432411686716,0.3118689526660897,0.3783240724004182,0.08393517652742717,0.08212003828162451,0.26346604215456676,0.7871370671988455,0.7442252500593097
2020-08-08,0.3648584908924401,0.0818091052111333,0.18078257159592445,0.5511883154287702,0.20899390334927656,0.9658378120457994,0.076873207893341,4.614812058057313,0.8111509098798014,2.0944764958668998,0.2577141458123208,0.13419432411686716,0.35085257174935097,0.38432921640677403,0.08561388005797571,0.08212003828162451,0.26346604215456676,0.7891247870655093,0.7458724286811713
2020-08-09,0.3648584908924401,0.0818091052111333,0.18078257159592445,0.5550699232839024,0.20899390334927656,0.9658378120457994,0.076873207893341,4.652028284331969,0.8111509098798014,2.098583312525462,0.2577141458123208,0.13419432411686716,0.35085257174935097,0.38432921640677403,0.08729258358852425,0.08212003828162451,0.27144986161379603,0.7891247870655093,0.747519607303033
2020-08-10,0.352277163620287,0.08536602282900865,0.17475648587606027,0.5628331389941666,0.11942508762815805,0.9820552379943297,0.076873207893341,4.205433569036099,0.8044884794085094,2.1043328558474497,0.2694284251674263,0.13419432411686716,0.2728853335828285,0.3813266444035961,0.09568610124126696,0.0906742089359604,0.2927400468384075,0.8050265459988193,0.7493165294359729
2020-08-11,0.35856782725636355,0.08892294044688401,0.18379561445585652,0.4735561583261265,0.11942508762815805,0.9712436206953095,0.076873207893341,3.9077037588388537,0.8178133403510934,2.098583312525462,0.23428558710210987,0.1610331889402406,0.3118689526660897,0.3903343604131299,0.09904350830236405,0.09409587719769476,0.2847562273791782,0.7871370671988455,0.7443749935703879
2020-08-12,0.352277163620287,0.09603677568263475,0.19283474303565273,0.4386216876299368,0.11942508762815805,0.958630067179786,0.076873207893341,3.423892817268329,0.8144821251154475,2.0895483158766246,0.2694284251674263,0.1610331889402406,0.3118689526660897,0.3783240724004182,0.10407961889400968,0.09238504306682759,0.2767724079199489,0.6340826374657367,0.7262560287299098
2020-08-13,0.35982595998357886,0.0995936933005101,0.19283474303565273,0.32993666768623564,0.11942508762815805,0.9658378120457994,0.10249761052445464,3.1633792333457387,0.8011572641728634,2.090369679208337,0.2694284251674263,0.1610331889402406,0.35085257174935097,0.3272803483463935,0.10407961889400968,0.0975175454594291,0.28209495422610176,0.6638984354656929,0.7223626974418732
2020-08-14,0.3547934290747176,0.10315061091838547,0.18982170017572064,0.2600677262938564,0.11942508762815805,0.9658378120457994,0.12812201315556832,3.4611090435429848,0.7961604413193945,2.1002260391888874,0.2577141458123208,0.13419432411686716,0.3118689526660897,0.2462109042605896,0.10407961889400968,0.09922837959029628,0.2767724079199489,0.6619107155990291,0.7169719310430532
2020-08-15,0.3547934290747176,0.11026444615413618,0.18982170017572064,0.23677807916306326,0.11942508762815805,0.9622339396127928,0.10249761052445464,3.423892817268329,0.8128165174976244,2.1059755825108746,0.31628554258784836,0.10735545929349372,0.3118689526660897,0.2582211922733013,0.10743702595510676,0.11633672089896806,0.27943368107302535,0.6599229957323653,0.7213144928643248
2020-08-16,0.3547934290747176,0.11026444615413618,0.18982170017572064,0.23677807916306326,0.11942508762815805,0.9622339396127928,0.076873207893341,3.423892817268329,0.8128165174976244,2.105154219179162,0.3045712632327428,0.10735545929349372,0.3118689526660897,0.2582211922733013,0.11079443301620386,0.11633672089896806,0.27943368107302535,0.6678738751990204,0.7217637233975599
2020-08-17,0.37114915452851666,0.1173782813898869,0.1868086573157886,0.252304510583592,0.11942508762815805,0.9676397482623028,0.076873207893341,3.7960550800148867,0.8344694165293235,2.0977619491937496,0.35142838065316484,0.10735545929349372,0.3898361908326121,0.2582211922733013,0.12254535773004364,0.11120421850636653,0.3060464126037897,0.6877510738656579,0.7314970516176514
2020-08-18,0.3761816854373779,0.10315061091838547,0.1868086573157886,0.252304510583592,0.11942508762815805,0.953224258530276,0.12812201315556832,3.4983252698176406,0.8178133403510934,2.053408329281274,0.3397141012980593,0.10735545929349372,0.3118689526660897,0.23720318825105585,0.11583054360784947,0.12489089155330395,0.2767724079199489,0.6738370347990117,0.7162232134876616
2020-08-19,0.3384377036209185,0.08892294044688401,0.19283474303565273,0.2484229027284598,0.11942508762815805,0.953224258530276,0.20499522104890927,3.6844064011909197,0.8128165174976244,2.054229692612987,0.39828549807358676,0.10735545929349372,0.2728853335828285,0.23119804424470003,0.1124731365467524,0.14713173525457726,0.27144986161379603,0.7016651129323042,0.7159237264655048
2020-08-20,0.32334011089433484,0.0818091052111333,0.1868086573157886,0.2290148634527989,0.11942508762815805,0.9514223223137726,0.25624402631113663,3.275027912169706,0.7994916565550405,2.0410878793055867,0.44514261549400874,0.10735545929349372,0.2728853335828285,0.22219032823516624,0.10575832242455822,0.15568590590891312,0.26346604215456676,0.6976896731989767,0.7072386028229617
2020-08-21,0.3183075799854736,0.0640245171217565,0.19584778589558482,0.23677807916306326,0.17913763144223707,0.9442145774477592,0.20499522104890927,3.275027912169706,0.7828355803768104,2.0230178860079113,0.5037140122695362,0.2683886482337343,0.2339017144995673,0.22519290023834415,0.11079443301620386,0.16595091069411622,0.2767724079199489,0.7215423115989418,0.7067893722897267
2020-08-22,0.3044681199861052,0.06758143473963185,0.1988608287555169,0.23289647130793106,0.17913763144223707,0.9243932790662223,0.2818684289422503,3.1633792333457387,0.7845011879946334,2.009876072700511,0.5037140122695362,0.2952275130571077,0.2339017144995673,0.21318261222563248,0.11583054360784947,0.17108341308671773,0.28209495422610176,0.7135914321322867,0.7015483494019851
2020-08-23,0.3044681199861052,0.07113835235750722,0.1988608287555169,0.23289647130793106,0.17913763144223707,0.9171855342002088,0.2818684289422503,3.0517305545217712,0.7861667956124564,2.0065906193736613,0.5271425709797471,0.2952275130571077,0.2339017144995673,0.21318261222563248,0.11918795066894657,0.1727942472175849,0.2847562273791782,0.7155791519989505,0.7012488623798284
2020-08-24,0.31201691634939704,0.07825218759325793,0.19283474303565273,0.23677807916306326,0.17913763144223707,0.9063739169011886,0.2818684289422503,3.275027912169706,0.7728419346698724,1.985235172749136,0.5505711296899581,0.2952275130571077,0.2339017144995673,0.21918775623198833,0.1275814683216893,0.1813484178719208,0.2847562273791782,0.703652832798968,0.6984037356693401
2020-08-25,0.32334011089433484,0.07113835235750722,0.1868086573157886,0.25618611843872413,0.2687064471633556,0.8487119579730813,0.307492831573364,3.2005954596203945,0.7628482889629344,1.9622369994611857,0.5739996884001691,0.2952275130571077,0.3118689526660897,0.20717746821927663,0.11583054360784947,0.18477008613365517,0.26346604215456676,0.6658861553323567,0.6855257937166035
2020-08-26,0.3334051727120573,0.0640245171217565,0.18379561445585652,0.23677807916306326,0.2687064471633556,0.8288906595915443,0.43561484472893225,3.2005954596203945,0.7645138965807573,1.9170620162169976,0.6091425264654856,0.37574410752722803,0.2728853335828285,0.20417489621609872,0.11415184007730093,0.1967459250497254,0.24749840323610817,0.6917265135989855,0.6790868227402354
2020-08-27,0.348502765438641,0.07469526997538257,0.19283474303565273,0.21348843203227014,0.2388501752563161,0.8216829147255309,0.46123924736004596,3.1633792333457387,0.7561858584916424,1.90145611291446,0.7497138787267515,0.37574410752722803,0.19491809541630606,0.19816975220974287,0.11079443301620386,0.21385426635839716,0.23685331062380244,0.6658861553323567,0.6763914395408254
2020-08-28,0.36108409271079417,0.09247985806475938,0.19584778589558482,0.21348843203227014,0.2687064471633556,0.807267424993504,0.46123924736004596,3.1633792333457387,0.7278705289886515,1.8817433929533596,0.784856716792068,0.3489052427038546,0.2728853335828285,0.20117232421292078,0.11750924713839803,0.23609511005967046,0.2421758569299553,0.6817879142656667,0.6763914395408254
2020-08-29,0.35730969452914824,0.09247985806475938,0.18982170017572064,0.20184360846687358,0.2687064471633556,0.7982577439109872,0.5637368578845006,3.0145143282471154,0.7295361366064743,1.875993849631372,0.784856716792068,0.3489052427038546,0.2339017144995673,0.20417489621609872,0.1208666541994951,0.2395167783214048,0.22886949116457314,0.711603712265623,0.6756427219854336
2020-08-30,0.35856782725636355,0.09247985806475938,0.19283474303565273,0.20184360846687358,0.2687064471633556,0.7982577439109872,0.5637368578845006,3.0145143282471154,0.7295361366064743,1.8735297596362346,0.7731424374369626,0.3489052427038546,0.2339017144995673,0.20717746821927663,0.13093887538278637,0.241227612452272,0.22886949116457314,0.7096159923989592,0.6763914395408254
2020-08-31,0.3736654199829473,0.09247985806475938,0.18982170017572064,0.18631717704634485,0.3284189909774346,0.7784364455294502,0.5637368578845006,3.2005954596203945,0.7178768832817134,1.8653161263191094,0.8199995548573845,0.3220663778804812,0.3118689526660897,0.20417489621609872,0.14268980009662616,0.2566251196300766,0.234192037470726,0.7871370671988455,0.6834293845615068
2020-09-01,0.388763012709531,0.08536602282900865,0.19584778589558482,0.20960682417713794,0.3284189909774346,0.7802383817459537,0.5893612605156142,3.275027912169706,0.7095488451925984,1.871065669641097,0.8199995548573845,0.37574410752722803,0.2339017144995673,0.19516718020656496,0.14604720715772326,0.2720226268078812,0.234192037470726,0.767259868532208,0.6867237418052301
2020-09-02,0.4076350036177606,0.10670752853626082,0.19584778589558482,0.22513325559766667,0.3284189909774346,0.7640209557974234,0.5124880526222733,2.6051358392259027,0.7195424908995364,1.875993849631372,0.8317138342124899,0.3489052427038546,0.2339017144995673,0.18315689219385325,0.13765368950498055,0.27544429506961554,0.20757930593996168,0.8427932234654305,0.6909165601154235
2020-09-03,0.4315395254348515,0.10315061091838547,0.1868086573157886,0.22125164774253453,0.35827526288447414,0.7568132109314101,0.6918588710400689,1.9724599925567547,0.6945583766321913,1.866137489650822,0.8434281135675955,0.3220663778804812,0.19491809541630606,0.18315689219385325,0.1477259106882718,0.29597430464002167,0.21290185224611455,0.878572181065378,0.6925637387372852
2020-09-04,0.4516696490702965,0.11382136377201153,0.1868086573157886,0.2173700398874023,0.35827526288447414,0.7423977211993832,0.8456052868267508,2.0096762188314106,0.6912271613965454,1.8727083963045221,0.7262853200165406,0.3489052427038546,0.15593447633304486,0.1891620362002091,0.16787035305485434,0.29597430464002167,0.20225675963380882,0.8885107803986968,0.6967565570474785
2020-09-05,0.45670217997915774,0.12449211662563761,0.18982170017572064,0.21348843203227014,0.2985627190703951,0.6793299536217656,0.7943564815645235,1.935243766282099,0.6962239842500144,1.8850288462802096,0.7497138787267515,0.3489052427038546,0.15593447633304486,0.1891620362002091,0.1745851671770485,0.29768513877088887,0.21290185224611455,0.9262774578653081,0.698852966202575
2020-09-06,0.461734710888019,0.12449211662563761,0.18379561445585652,0.22125164774253453,0.4179878066985531,0.6757260811887589,0.7943564815645235,1.935243766282099,0.6995551994856604,1.893242479597335,0.808285275502279,0.3489052427038546,0.19491809541630606,0.1891620362002091,0.17626387070759705,0.2925526363782873,0.21290185224611455,0.942179216798618,0.7033452715349251
2020-09-07,0.5007368254316936,0.13160595186138835,0.1868086573157886,0.25618611843872413,0.5374128943267112,0.6631125276732355,0.7943564815645235,2.1213248976553776,0.7145456680460673,1.9260970128658352,0.8199995548573845,0.3489052427038546,0.19491809541630606,0.19216460820338702,0.20144442366582518,0.31821514834129494,0.2262082180114967,1.0634301286651069,0.7320960256619649
2020-09-08,0.5284157454304305,0.1351628694792637,0.1988608287555169,0.2988838048451782,0.4777003505126322,0.5658079719820541,0.9993517026134329,2.195757350204689,0.7012208071034833,1.9260970128658352,0.855142392922701,0.37574410752722803,0.15593447633304486,0.22519290023834415,0.24844812252118442,0.3353234896499667,0.23153076431764957,1.0932459266650632,0.7400324317491164
2020-09-09,0.5737085236101817,0.13871978709713906,0.2078999573353131,0.27947576556951725,0.44784407860559267,0.5604021633325441,1.0762249105067738,1.823595087458132,0.6995551994856604,1.92445428620241,0.8317138342124899,0.37574410752722803,0.11695085724978364,0.2462109042605896,0.24676941899063587,0.34387766030430267,0.23685331062380244,1.1170985650650282,0.7464714027254846
2020-09-10,0.5900642490639807,0.1636182104222666,0.24104342879456592,0.28723898127978165,0.35827526288447414,0.5513924822500272,1.4093421447112513,1.7119464086341645,0.7178768832817134,1.9466310961586482,0.808285275502279,0.3489052427038546,0.11695085724978364,0.28224176829872466,0.2551629366433786,0.3644076698747088,0.25282094954226103,1.0912582067983994,0.7602478057446912
2020-09-11,0.6290663636076554,0.1636182104222666,0.2952782002733433,0.29112058913491384,0.4179878066985531,0.48832471467240984,1.4349665473423652,1.7119464086341645,0.6779023004539613,1.9573088194709107,0.9137137896982284,0.3220663778804812,0.11695085724978364,0.3332854923527494,0.2635564542961213,0.3678293381364431,0.24483713008303173,1.1369757637316658,0.7690826728983128
2020-09-12,0.6567452836063921,0.1707320456580173,0.3133564574329357,0.3105286284105747,0.4179878066985531,0.4703053525073762,1.6399617683912742,1.4142165984369184,0.6812335156896073,1.9556660928074856,0.7614281580818569,0.3220663778804812,0.11695085724978364,0.34529578036546105,0.2769860825405096,0.3798051770525133,0.24749840323610817,1.1528775226649757,0.775072413341446
2020-09-13,0.6668103454241145,0.1636182104222666,0.325408628872664,0.3144102362657069,0.5374128943267112,0.46850341629087283,1.6399617683912742,1.4142165984369184,0.6828991233074304,1.9688079061148858,0.7965709961471735,0.3220663778804812,0.11695085724978364,0.34529578036546105,0.2971305249070922,0.39520268423031796,0.24749840323610817,1.1469143630649845,0.7828590759175192
2020-09-14,0.7322332472393108,0.17784588089376802,0.34348688603225647,0.3338182755413679,0.44784407860559267,0.4847208422394031,1.6399617683912742,1.4142165984369184,0.6978895918678374,1.9975556227248235,0.808285275502279,0.3220663778804812,0.15593447633304486,0.3543034963749948,0.3256684849264174,0.46534688359587223,0.28209495422610176,1.262202115331482,0.8204446971981806
2020-09-15,0.8190444054171672,0.19563046898314485,0.34951297175212054,0.3221734519759713,0.5075566224196717,0.5063440768374434,2.0243278078579796,1.4514328247115742,0.7312017442242974,2.022196522676199,0.7497138787267515,0.4025829723506015,0.15593447633304486,0.39633950441948573,0.3323832990486116,0.46534688359587223,0.2767724079199489,1.2900301934647747,0.8475482727033588
2020-09-16,0.8303675999621051,0.23119964516189845,0.3796434003514413,0.34546309910676437,0.5672691662337508,0.529769247651987,2.2549474315380023,1.5258652772608856,0.7478578204025275,2.0320528826567488,0.784856716792068,0.4562607019973483,0.15593447633304486,0.42036008044490913,0.38274440496506784,0.482455224904544,0.25282094954226103,1.3158705517314035,0.8685123642543252
2020-09-17,0.854272121779196,0.24898423325127522,0.3977216575110338,0.3687527462375575,0.6568379819548692,0.5225615027859736,2.4855670552180253,0.6326758466691478,0.7861667956124564,1.9868778994125609,0.8199995548573845,0.4562607019973483,0.15593447633304486,0.4413780844671546,0.38274440496506784,0.501274400344083,0.25282094954226103,1.3476740695980234,0.8722559520312834
2020-09-18,0.8580465199608419,0.25254115086915063,0.4218260003904904,0.3881607855132184,0.6269817100478298,0.5279673114354837,2.408693847324684,0.744324525493115,0.7928292260837485,1.89817065958761,0.7731424374369626,0.4562607019973483,0.15593447633304486,0.4834140925116455,0.4096036614538445,0.5132502392601532,0.25015967638918457,1.4033302258646083,0.8685123642543252
2020-09-19,0.8756603781418563,0.25965498610490134,0.46702164328947143,0.3803975698029541,0.6866942538619087,0.5423828011675106,2.5111914578491388,0.8187569780424265,0.7928292260837485,1.5663398735757559,0.8317138342124899,0.48309956682072175,0.15593447633304486,0.5164423845466026,0.4364629179426212,0.511539405129286,0.2741111347668725,1.4251951443979098,0.8225411063532773
2020-09-20,0.8894998381412246,0.26676882134065205,0.4730477290093356,0.3842791776580863,0.6866942538619087,0.5441847373840139,2.5368158604802526,0.8187569780424265,0.7961604413193945,1.424244017189492,0.8902852309880175,0.563616161290842,0.19491809541630606,0.5194449565497805,0.4381416214731698,0.5149610733910204,0.2741111347668725,1.431158303997901,0.8020262453355458
2020-09-21,0.9599552708652821,0.30233799751940565,0.4971520718887922,0.43085847191967247,0.8658318853041458,0.5315711838684903,2.5368158604802526,0.8559732043170822,0.8911000755353055,1.398781753906404,0.9019995103431229,0.563616161290842,0.2339017144995673,0.5434655325752039,0.47675180267578626,0.5423344194848952,0.332659144134554,1.5464460562643985,0.8381144315054238
2020-09-22,0.9662459345013586,0.3272364208445332,0.48509990044906387,0.45414811905046554,0.8359756133971062,0.5586002271160407,3.0749283157336396,0.893189430591738,0.8994281136244205,1.4735258170922423,0.8317138342124899,0.5904550261142154,0.2339017144995673,0.5885041126228727,0.5002536521034658,0.5389127512231608,0.36459442197147113,1.5464460562643985,0.8650682634995235
